{"loss":{"0":0.9434624876,"1":0.9218866986,"2":0.9047466408,"3":0.8882030549,"4":0.8708790263,"5":0.8479881694,"6":0.7864597721,"7":0.6947594675,"8":0.6252319566,"9":0.5465510248,"10":0.5021273766,"11":0.5122161369,"12":0.4703056088,"13":0.455019968,"14":0.5081115953,"15":0.4634256016,"16":0.4221430377,"17":0.4265777653,"18":0.3961946358,"19":0.3846261165,"20":0.3731508278,"21":0.3718670582,"22":0.3586793603,"23":0.3358589263,"24":0.3091792074,"25":0.3392448847,"26":0.3674427525,"27":0.300428672,"28":0.3008969538,"29":0.309232844,"30":0.2614443573,"31":0.2516201543,"32":0.253066666,"33":0.2386271667,"34":0.2346718459,"35":0.2537011538,"36":0.2523731614,"37":0.2189039392,"38":0.2160165309,"39":0.2077982217,"40":0.2295810375,"41":0.2317115339,"42":0.2348422937,"43":0.189573509,"44":0.2025900041,"45":0.2347011028,"46":0.2437557716,"47":0.2515593483,"48":0.1989791521,"49":0.1909646577,"50":0.1932507402,"51":0.1814148082,"52":0.1780660075,"53":0.1947335866,"54":0.1982304728,"55":0.1803922832,"56":0.162943606,"57":0.165736269,"58":0.1779535468,"59":0.1847681597,"60":0.1746804827,"61":0.1667974609,"62":0.1957105581,"63":0.1564373969,"64":0.1472022563,"65":0.1625418575,"66":0.1675518199,"67":0.161605107,"68":0.18440888,"69":0.1610366478,"70":0.152503191,"71":0.1624535321,"72":0.1536496261,"73":0.1601685673,"74":0.1569190247,"75":0.1767087151,"76":0.1832089758,"77":0.1622685306,"78":0.1360086158,"79":0.1291971091,"80":0.1289988777,"81":0.1451719912,"82":0.1438071916,"83":0.146397692,"84":0.1490760977,"85":0.1260865355,"86":0.1307001013,"87":0.164706431,"88":0.1413434979,"89":0.1322038021,"90":0.1266083856,"91":0.1342164365,"92":0.1601366329,"93":0.1762382543,"94":0.1428071489,"95":0.1388470424,"96":0.1172152297,"97":0.1190929249,"98":0.1270115515,"99":0.1324722229},"accuracy":{"0":0.5131291151,"1":0.4912472665,"2":0.5207877755,"3":0.5317286849,"4":0.5743982792,"5":0.578774631,"6":0.6805251837,"7":0.739606142,"8":0.7855579853,"9":0.839168489,"10":0.8566739559,"11":0.8479212523,"12":0.8665207624,"13":0.8577680588,"14":0.8380743861,"15":0.8621444106,"16":0.8774617314,"17":0.8752735257,"18":0.8905907869,"19":0.8971553445,"20":0.8949671984,"21":0.8971553445,"22":0.8960612416,"23":0.9146608114,"24":0.9201312661,"25":0.8993435502,"26":0.8971553445,"27":0.9310722351,"28":0.9190372229,"29":0.9256017208,"30":0.9507658482,"31":0.9474835992,"32":0.9420131445,"33":0.951859951,"34":0.9452953935,"35":0.9420131445,"36":0.9452953935,"37":0.9573304057,"38":0.9573304057,"39":0.9584245086,"40":0.9540481567,"41":0.9496717453,"42":0.9474835992,"43":0.969365418,"44":0.9606127143,"45":0.9420131445,"46":0.9387308359,"47":0.9409190416,"48":0.9704595208,"49":0.9638949633,"50":0.9595186114,"51":0.9715536237,"52":0.9715536237,"53":0.9584245086,"54":0.9606127143,"55":0.966083169,"56":0.9726477265,"57":0.9704595208,"58":0.9649890661,"59":0.9715536237,"60":0.969365418,"61":0.9682713151,"62":0.9595186114,"63":0.9803063273,"64":0.9846827388,"65":0.9671772718,"66":0.9704595208,"67":0.9726477265,"68":0.9584245086,"69":0.9671772718,"70":0.9770240784,"71":0.9759299755,"72":0.9726477265,"73":0.9737417698,"74":0.969365418,"75":0.9584245086,"76":0.9595186114,"77":0.9682713151,"78":0.9835886359,"79":0.9814004302,"80":0.9803063273,"81":0.9770240784,"82":0.9792122245,"83":0.9726477265,"84":0.9737417698,"85":0.9814004302,"86":0.9803063273,"87":0.9649890661,"88":0.9759299755,"89":0.9846827388,"90":0.9770240784,"91":0.9803063273,"92":0.9638949633,"93":0.9584245086,"94":0.9792122245,"95":0.9759299755,"96":0.9846827388,"97":0.9868708849,"98":0.9803063273,"99":0.9781181812},"val_loss":{"0":0.9258652363,"1":0.9096236938,"2":0.8954804276,"3":0.8793279163,"4":0.8606969454,"5":0.8250296581,"6":0.7268020241,"7":0.5750309946,"8":0.520025368,"9":0.4839592564,"10":0.424549856,"11":0.4191702567,"12":0.3971423756,"13":0.3739776523,"14":0.5406060341,"15":0.3874848624,"16":0.347749122,"17":0.3457888329,"18":0.3249957707,"19":0.3218101139,"20":0.3331348155,"21":0.2913014136,"22":0.2741702008,"23":0.2665919706,"24":0.2678094957,"25":0.2570856675,"26":0.2575789481,"27":0.2688154272,"28":0.2720327996,"29":0.2425611337,"30":0.2401370414,"31":0.2179009791,"32":0.2235321984,"33":0.2374206043,"34":0.2762215623,"35":0.1953051559,"36":0.2459553962,"37":0.1970141202,"38":0.1994171325,"39":0.1902708546,"40":0.1809076661,"41":0.2376918642,"42":0.2252340972,"43":0.1792893065,"44":0.223696408,"45":0.1894076498,"46":0.2025262622,"47":0.2567084331,"48":0.2341819735,"49":0.2054610931,"50":0.169367216,"51":0.1800687028,"52":0.1889887702,"53":0.1664083827,"54":0.1819469385,"55":0.1782787754,"56":0.1692596662,"57":0.1643201149,"58":0.1913069613,"59":0.1667098222,"60":0.1778494171,"61":0.1638667863,"62":0.1642262697,"63":0.1500714962,"64":0.1530249271,"65":0.1763289164,"66":0.1811400314,"67":0.1434620545,"68":0.1538572815,"69":0.1382850997,"70":0.1414021063,"71":0.1437170048,"72":0.1602753436,"73":0.1706867724,"74":0.1469507529,"75":0.1394891012,"76":0.2237929127,"77":0.149062589,"78":0.1423973513,"79":0.1330557128,"80":0.1306321977,"81":0.1504490611,"82":0.1222884298,"83":0.1289005455,"84":0.1196293542,"85":0.1213831631,"86":0.1168043036,"87":0.1463737754,"88":0.1234397882,"89":0.1120579464,"90":0.1263333958,"91":0.1252071281,"92":0.3673576183,"93":0.1520877036,"94":0.1126273654,"95":0.1200844379,"96":0.1165803816,"97":0.1176971077,"98":0.1262756287,"99":0.107072993},"val_accuracy":{"0":0.5098360777,"1":0.4901639223,"2":0.5098360777,"3":0.6737704873,"4":0.7622950673,"5":0.86721313,"6":0.8016393185,"7":0.8622950912,"8":0.8983606696,"9":0.860655725,"10":0.9245901704,"11":0.8950819969,"12":0.9098360538,"13":0.9278688431,"14":0.8213114738,"15":0.8967213035,"16":0.9098360538,"17":0.9393442869,"18":0.9311475158,"19":0.9262295365,"20":0.9098360538,"21":0.9508196712,"22":0.9459016323,"23":0.9508196712,"24":0.9672130942,"25":0.9508196712,"26":0.9606557488,"27":0.9360655546,"28":0.9688524604,"29":0.9524590373,"30":0.9524590373,"31":0.9688524604,"32":0.9639344215,"33":0.9508196712,"34":0.9229508042,"35":0.9803278446,"36":0.9426229596,"37":0.9803278446,"38":0.9803278446,"39":0.9786885381,"40":0.9819672108,"41":0.949180305,"42":0.9508196712,"43":0.9819672108,"44":0.9573770761,"45":0.9737704992,"46":0.9655737877,"47":0.9278688431,"48":0.9426229596,"49":0.9622950554,"50":0.9819672108,"51":0.9819672108,"52":0.9704918265,"53":0.9819672108,"54":0.9704918265,"55":0.9803278446,"56":0.9819672108,"57":0.9819672108,"58":0.9672130942,"59":0.9836065769,"60":0.9786885381,"61":0.9836065769,"62":0.9819672108,"63":0.9819672108,"64":0.9819672108,"65":0.9737704992,"66":0.9754098654,"67":0.9836065769,"68":0.9836065769,"69":0.9852458835,"70":0.9918032885,"71":0.9836065769,"72":0.9704918265,"73":0.9721311331,"74":0.9770491719,"75":0.9868852496,"76":0.9393442869,"77":0.9819672108,"78":0.9803278446,"79":0.9868852496,"80":0.9868852496,"81":0.9704918265,"82":0.993442595,"83":0.9901639223,"84":0.993442595,"85":0.9950819612,"86":0.9950819612,"87":0.9950819612,"88":0.9852458835,"89":0.993442595,"90":0.9852458835,"91":0.9868852496,"92":0.8918032646,"93":0.9672130942,"94":0.9901639223,"95":0.9885246158,"96":0.9901639223,"97":0.9950819612,"98":0.9819672108,"99":0.993442595}}